{"cameraMode":{"drawMode":1,"name":"Wireframe","section":"Shading Mode"},"sceneLighting":false,"audioPlay":false,"sceneViewState":{"showFog":true,"showMaterialUpdate":false,"showSkybox":false,"showFlares":true,"showImageEffects":true,"showParticleSystems":true},"in2DMode":false,"pivot":{"x":39.930267333984378,"y":8.03338623046875,"z":25.953998565673829},"rotation":{"x":-0.6828432083129883,"y":0.11227025091648102,"z":-0.10739041119813919,"w":-0.713854193687439},"size":119.48030853271485,"orthographic":false}