{"cameraMode":{"drawMode":0,"name":"Shaded","section":"Shading Mode"},"sceneLighting":false,"audioPlay":false,"sceneViewState":{"showFog":true,"showMaterialUpdate":false,"showSkybox":false,"showFlares":true,"showImageEffects":true,"showParticleSystems":true},"in2DMode":false,"pivot":{"x":0.10755276679992676,"y":0.9689669013023377,"z":0.1886218786239624},"rotation":{"x":0.0011655413545668126,"y":0.9925820827484131,"z":-0.12119583040475846,"w":0.00954452808946371},"size":7.180804252624512,"orthographic":false}