{"cameraMode":{"drawMode":0,"name":"Shaded","section":"Shading Mode"},"sceneLighting":false,"audioPlay":false,"sceneViewState":{"showFog":true,"showMaterialUpdate":false,"showSkybox":false,"showFlares":true,"showImageEffects":true,"showParticleSystems":true},"in2DMode":false,"pivot":{"x":-0.17781054973602296,"y":1.1436512470245362,"z":0.015059344470500946},"rotation":{"x":0.002340981736779213,"y":-0.9941835999488831,"z":0.022084061056375505,"w":0.10538442432880402},"size":3.62749981880188,"orthographic":false}