{"cameraMode":{"drawMode":0,"name":"Shaded","section":"Shading Mode"},"sceneLighting":false,"audioPlay":false,"sceneViewState":{"showFog":true,"showMaterialUpdate":false,"showSkybox":false,"showFlares":true,"showImageEffects":true,"showParticleSystems":true},"in2DMode":false,"pivot":{"x":-0.18999916315078736,"y":-1.3182133436203004,"z":3.1435413360595705},"rotation":{"x":0.0482783243060112,"y":0.02278180792927742,"z":-0.001101598609238863,"w":0.9985734820365906},"size":4.748229026794434,"orthographic":false}