{"cameraMode":{"drawMode":0,"name":"Shaded","section":"Shading Mode"},"sceneLighting":false,"audioPlay":false,"sceneViewState":{"showFog":true,"showMaterialUpdate":false,"showSkybox":false,"showFlares":true,"showImageEffects":true,"showParticleSystems":true},"in2DMode":false,"pivot":{"x":0.005319572985172272,"y":-0.1412094235420227,"z":0.10970467329025269},"rotation":{"x":-0.3283720016479492,"y":0.6398946046829224,"z":-0.3501552939414978,"w":-0.6000816822052002},"size":2.9736523628234865,"orthographic":false}