{"cameraMode":{"drawMode":0,"name":"Shaded","section":"Shading Mode"},"sceneLighting":false,"audioPlay":false,"sceneViewState":{"showFog":true,"showMaterialUpdate":false,"showSkybox":false,"showFlares":true,"showImageEffects":true,"showParticleSystems":true},"in2DMode":false,"pivot":{"x":-0.6206485033035278,"y":1.2152360677719117,"z":0.4174180030822754},"rotation":{"x":0.0064573935233056549,"y":-0.992475688457489,"z":0.10641088336706162,"w":0.06022435799241066},"size":2.6641345024108888,"orthographic":false}