{"cameraMode":{"drawMode":0,"name":"Shaded","section":"Shading Mode"},"sceneLighting":false,"audioPlay":false,"sceneViewState":{"showFog":true,"showMaterialUpdate":false,"showSkybox":false,"showFlares":true,"showImageEffects":true,"showParticleSystems":true},"in2DMode":false,"pivot":{"x":0.0011342763900756837,"y":1.2970261573791505,"z":0.1769413948059082},"rotation":{"x":-0.000049415408284403384,"y":-0.9984763264656067,"z":0.0008968265610747039,"w":-0.05517571419477463},"size":8.98901653289795,"orthographic":true}