{"cameraMode":{"drawMode":1,"name":"Wireframe","section":"Shading Mode"},"sceneLighting":false,"audioPlay":false,"sceneViewState":{"showFog":true,"showMaterialUpdate":false,"showSkybox":false,"showFlares":true,"showImageEffects":true,"showParticleSystems":true},"in2DMode":false,"pivot":{"x":39.90875244140625,"y":10.487630844116211,"z":26.270000457763673},"rotation":{"x":-0.6828432083129883,"y":0.11227025091648102,"z":-0.10739041119813919,"w":-0.713854193687439},"size":133.9751739501953,"orthographic":false}