{"cameraMode":{"drawMode":0,"name":"Shaded","section":"Shading Mode"},"sceneLighting":false,"audioPlay":false,"sceneViewState":{"showFog":true,"showMaterialUpdate":false,"showSkybox":false,"showFlares":true,"showImageEffects":true,"showParticleSystems":true},"in2DMode":false,"pivot":{"x":0.004797101020812988,"y":1.0101110935211182,"z":0.33241593837738039},"rotation":{"x":-0.00009634899470256642,"y":-0.99676913022995,"z":0.08031132817268372,"w":-0.0011998018017038704},"size":7.090053081512451,"orthographic":true}