{"cameraMode":{"drawMode":0,"name":"Shaded","section":"Shading Mode"},"sceneLighting":false,"audioPlay":false,"sceneViewState":{"showFog":true,"showMaterialUpdate":false,"showSkybox":false,"showFlares":true,"showImageEffects":true,"showParticleSystems":true},"in2DMode":false,"pivot":{"x":0.04021453857421875,"y":0.7300505638122559,"z":-0.06760430335998535},"rotation":{"x":0.00029875902691856027,"y":-0.9988572001457214,"z":0.04737948626279831,"w":0.006289131939411163},"size":9.323835372924805,"orthographic":true}