{"cameraMode":{"drawMode":1,"name":"Wireframe","section":"Shading Mode"},"sceneLighting":false,"audioPlay":false,"sceneViewState":{"showFog":true,"showMaterialUpdate":false,"showSkybox":false,"showFlares":true,"showImageEffects":true,"showParticleSystems":true},"in2DMode":false,"pivot":{"x":-0.02822190523147583,"y":0.6499999761581421,"z":0.2639698386192322},"rotation":{"x":-0.6828432083129883,"y":0.11227025091648102,"z":-0.10739041119813919,"w":-0.713854193687439},"size":4.464240074157715,"orthographic":false}